﻿<?xml version="1.0" encoding="utf-8"?>
<sitecontent>
  <menu>
    <menu_item>
      <menu_item_title>Home</menu_item_title>
      <menu_item_path>home</menu_item_path>
      <menu_item_slug>index</menu_item_slug>
      <menu_item_status>1</menu_item_status>
    </menu_item>
    <menu_item>
      <menu_item_title>About Us</menu_item_title>
      <menu_item_path>about us</menu_item_path>
      <menu_item_slug>about-us</menu_item_slug>
      <menu_item_status>1</menu_item_status>
    </menu_item>
    <menu_item>
      <menu_item_title>Services</menu_item_title>
      <menu_item_path>services</menu_item_path>
      <menu_item_slug>services</menu_item_slug>
      <menu_item_status>1</menu_item_status>
    </menu_item>
    <menu_item>
      <menu_item_title>Contact</menu_item_title>
      <menu_item_path>contact</menu_item_path>
      <menu_item_slug>contact</menu_item_slug>
      <menu_item_status>1</menu_item_status>
    </menu_item>
    <menu_item>
      <menu_item_title>Blog-wp</menu_item_title>
      <menu_item_path>blog</menu_item_path>
      <menu_item_slug>blog-wp</menu_item_slug>
      <menu_item_status>1</menu_item_status>
    </menu_item>
  </menu>
  <pages>
    <content>
      <meta_ID>tt_page1</meta_ID>
      <page_title>Home</page_title>
      <alias>index</alias>
      <page_name>Home</page_name>
      <page_header_id>home</page_header_id>
      <state>1</state>
      <featured>1</featured>
      <created>01/13/2021 00:00:00</created>
      <created_by_alias>SuperUser</created_by_alias>
      <page_title_visibility>false</page_title_visibility>
      <introtext><![CDATA[<div class="ttr_index_html_row0 row" >
<div class="post_column col-xl-12 col-lg-12 col-md-12 col-sm-12 col-xs-12 col-12">
<div class="ttr_index_html_column00">
<div class="margin_collapsetop"></div>
<div class="html_content"><p style="text-align:Center;line-height:4.94em;"><span style="font-weight:800;font-size:3.429em;color:rgba(36,38,45,1);"> Why Choose Consult for your company?</span></p></div>
<div class="margin_collapsetop"></div>
<div style="clear:both;width:0px;"></div>
</div>
</div>
<div class=" visible-lg-block d-xl-block d-lg-block visible-md-block d-md-block visible-sm-block d-sm-block visible-xs-block d-block" style="clear: both;width:0px;"></div>
<div class="post_column col-xl-4 col-lg-4 col-md-4 col-sm-12 col-xs-12 col-12">
<div class="ttr_index_html_column01">
<div class="margin_collapsetop"></div>
<div class="html_content"><p style="margin:5px 0px 5px 0px;text-align:Center;line-height:2.07em;font-family:'Nunito Sans','Arial';color:rgba(51,51,51,1);"><span class="ttr_image" style="float:none;display:block;overflow:hidden;margin:0px 0px 0px 0px;"><span><img class="ttr_uniform" style="max-height:116px;max-width:184px;margin:0px 0px 20px 0px;" src="~base_path~sites/default/files/inline-images/home1_icon11.png" alt="img" /></span></span><span style="font-weight:800;font-size:1.714em;color:rgba(36,38,45,1);">Top 50 Consulting Firms</span></p><p style="margin:10px 0px 5px 0px;text-align:Center;line-height:2.07em;font-family:'Nunito Sans','Arial';color:rgba(51,51,51,1);"><span style="font-weight:300;font-size:1.143em;color:rgba(28,28,28,1);">It was popularised in the 1960s with the release of Letraset sheets containing Lorem Ipsum passages, and more recently with desktop publishing software like Aldus PageMaker including.</span></p></div>
<div class="margin_collapsetop"></div>
<div style="clear:both;width:0px;"></div>
</div>
</div>
<div class=" visible-sm-block d-sm-block visible-xs-block d-block" style="clear: both;width:0px;"></div>
<div class="post_column col-xl-4 col-lg-4 col-md-4 col-sm-12 col-xs-12 col-12">
<div class="ttr_index_html_column02">
<div class="margin_collapsetop"></div>
<div class="html_content"><p style="margin:5px 0px 5px 0px;text-align:Center;line-height:2.07em;font-family:'Nunito Sans','Arial';color:rgba(51,51,51,1);"><span class="ttr_image" style="float:none;display:block;overflow:hidden;margin:0px 0px 0px 0px;padding:0px 0px 0px 0px;"><span><img class="ttr_uniform" style="max-height:116px;max-width:152px;margin:0px 0px 20px 0px;" src="~base_path~sites/default/files/inline-images/home1_icon2.png" alt="img" /></span></span><span style="font-weight:800;font-size:1.714em;color:rgba(36,38,45,1);">100% Clinet Satisfaction</span></p><p style="margin:10px 0px 5px 0px;text-align:Center;line-height:2.07em;font-family:'Nunito Sans','Arial';color:rgba(51,51,51,1);"><span style="font-weight:300;font-size:1.143em;color:rgba(28,28,28,1);">It was popularised in the 1960s with the release of Letraset sheets containing Lorem Ipsum passages, and more recently with desktop publishing software like Aldus PageMaker including.</span></p></div>
<div class="margin_collapsetop"></div>
<div style="clear:both;width:0px;"></div>
</div>
</div>
<div class=" visible-sm-block d-sm-block visible-xs-block d-block" style="clear: both;width:0px;"></div>
<div class="post_column col-xl-4 col-lg-4 col-md-4 col-sm-12 col-xs-12 col-12">
<div class="ttr_index_html_column03">
<div class="margin_collapsetop"></div>
<div class="html_content"><p style="margin:5px 0px 5px 0px;text-align:Center;line-height:2.07em;font-family:'Nunito Sans','Arial';color:rgba(51,51,51,1);"><span class="ttr_image" style="float:none;display:block;overflow:hidden;margin:0px 0px 0px 0px;padding:0px 0px 0px 0px;"><span><img class="ttr_uniform" style="max-height:116px;max-width:100px;margin:0px 0px 20px 0px;" src="~base_path~sites/default/files/inline-images/home1_icon3.png" alt="img" /></span></span><span style="font-weight:800;font-size:1.714em;color:rgba(36,38,45,1);">Over 2000 Companies Cases</span></p><p style="margin:10px 0px 5px 0px;text-align:Center;line-height:2.07em;font-family:'Nunito Sans','Arial';color:rgba(51,51,51,1);"><span style="font-weight:300;font-size:1.143em;color:rgba(28,28,28,1);">It was popularised in the 1960s with the release of Letraset sheets containing Lorem Ipsum passages, and more recently with desktop publishing software like Aldus PageMaker including.</span></p></div>
<div class="margin_collapsetop"></div>
<div style="clear:both;width:0px;"></div>
</div>
</div>
<div class=" visible-lg-block d-xl-block d-lg-block visible-md-block d-md-block visible-sm-block d-sm-block visible-xs-block d-block" style="clear: both;width:0px;"></div>
</div>
<div class="ttr_index_html_row1 row" >
<div class="post_column col-xl-4 col-lg-4 col-md-4 col-sm-12 col-xs-12 col-12">
<div class="ttr_index_html_column10">
<div class="margin_collapsetop"></div>
<div class="html_content"><p style="text-align:Center;line-height:2.93em;"><span class="ttr_image" style="float:none;display:block;overflow:hidden;margin:0px 0px 0px 0px;"><span><img class="ttr_uniform" style="max-height:638px;max-width:768px;margin:0px 0px 20px 0px;" src="~base_path~sites/default/files/inline-images/business tranformation.jpg" alt="img" /></span></span><span style="font-weight:600;font-size:1.429em;color:rgba(255,255,255,1);">Business Transformation</span></p></div>
<div class="margin_collapsetop"></div>
<div style="clear:both;width:0px;"></div>
</div>
</div>
<div class=" visible-sm-block d-sm-block visible-xs-block d-block" style="clear: both;width:0px;"></div>
<div class="post_column col-xl-4 col-lg-4 col-md-4 col-sm-12 col-xs-12 col-12">
<div class="ttr_index_html_column11">
<div class="margin_collapsetop"></div>
<div class="html_content"><p style="text-align:Center;line-height:2.93em;"><span class="ttr_image" style="float:none;display:block;overflow:hidden;margin:0px 0px 0px 0px;"><span><img class="ttr_uniform" style="max-height:638px;max-width:768px;margin:0px 0px 20px 0px;" src="~base_path~sites/default/files/inline-images/consulting analytics.jpg" alt="img" /></span></span><span style="font-weight:600;font-size:1.429em;color:rgba(255,255,255,1);">Consulting Analytics</span></p></div>
<div class="margin_collapsetop"></div>
<div style="clear:both;width:0px;"></div>
</div>
</div>
<div class=" visible-sm-block d-sm-block visible-xs-block d-block" style="clear: both;width:0px;"></div>
<div class="post_column col-xl-4 col-lg-4 col-md-4 col-sm-12 col-xs-12 col-12">
<div class="ttr_index_html_column12">
<div class="margin_collapsetop"></div>
<div class="html_content"><p style="margin:5px 0px 5px 0px;text-align:Center;line-height:2.93em;font-family:'Nunito Sans','Arial';color:rgba(51,51,51,1);"><span class="ttr_image" style="float:none;display:block;overflow:hidden;margin:0px 0px 0px 0px;padding:0px 0px 0px 0px;"><span><img class="ttr_uniform" style="max-height:277px;max-width:333px;margin:0px 0px 20px 0px;" src="~base_path~sites/default/files/inline-images/consulting innovation.jpg" alt="img" /></span></span><span style="font-weight:600;font-size:1.429em;color:rgba(255,255,255,1);">Consulting Innovation</span></p></div>
<div class="margin_collapsetop"></div>
<div style="clear:both;width:0px;"></div>
</div>
</div>
<div class=" visible-lg-block d-xl-block d-lg-block visible-md-block d-md-block visible-sm-block d-sm-block visible-xs-block d-block" style="clear: both;width:0px;"></div>
</div>
<div class="ttr_index_html_row2 row" >
<div class="post_column col-xl-6 col-lg-6 col-md-6 col-sm-12 col-xs-12 col-12">
<div class="ttr_index_html_column20">
<div class="margin_collapsetop"></div>
<div class="html_content"><p><span class="ttr_image" style="float:none;display:block;overflow:hidden;margin:0px 0px 0px 0px;"><span><img class="ttr_uniform" style="max-height:426px;max-width:555px;margin:0px 0px 0px 0px;" src="~base_path~sites/default/files/inline-images/demoelevenimage2.jpg" alt="img" /></span></span></p></div>
<div class="margin_collapsetop"></div>
<div style="clear:both;width:0px;"></div>
</div>
</div>
<div class=" visible-sm-block d-sm-block visible-xs-block d-block" style="clear: both;width:0px;"></div>
<div class="post_column col-xl-6 col-lg-6 col-md-6 col-sm-12 col-xs-12 col-12">
<div class="ttr_index_html_column21">
<div class="margin_collapsetop"></div>
<div class="html_content"><p style="margin:5px 0px 20px 0px;line-height:2.07em;font-family:'Nunito Sans','Arial';color:rgba(51,51,51,1);"><span style="font-weight:800;font-size:3.429em;color:rgba(36,38,45,1);">About Our Company</span></p><p style="margin:5px 0px 20px 0px;line-height:2.07em;font-family:'Nunito Sans','Arial';color:rgba(51,51,51,1);"><span style="font-weight:300;font-size:1.143em;color:rgba(28,28,28,1);">Aliquam libero nisi, imperdiet at, tincidunt nec, gravida vehicula, nisl.Praesent mattis, massa quis luctus fermentum, turpis mi volutpat justo, eu volutpat enim diam eget metus.Maecenas ornare tortor. Aliquam libero nisi, imperdiet at, tincidunt nec, gravida vehicula, nisl.Praesent mattis, massa quis luctus fermentum, turpis mi volutpat justo, eu volutpat enim diam eget metus.Maecenas ornare tortor.</span></p><p style="margin:30px 0px 5px 0px;line-height:2.07em;font-family:'Nunito Sans','Arial';color:rgba(51,51,51,1);"><span><a target="_self" class="btn btn-md btn-default">READ MORE</a></span></p></div>
<div class="margin_collapsetop"></div>
<div style="clear:both;width:0px;"></div>
</div>
</div>
<div class=" visible-lg-block d-xl-block d-lg-block visible-md-block d-md-block visible-sm-block d-sm-block visible-xs-block d-block" style="clear: both;width:0px;"></div>
</div>
<div class="ttr_index_html_row3 row" >
<div class="post_column col-xl-12 col-lg-12 col-md-12 col-sm-12 col-xs-12 col-12">
<div class="ttr_index_html_column30">
<div class="margin_collapsetop"></div>
<div class="html_content"><p style="text-align:Center;line-height:5.21em;"><span style="font-weight:700;font-size:2.571em;">Annual Report for this Year</span></p></div>
<div class="margin_collapsetop"></div>
<div style="clear:both;width:0px;"></div>
</div>
</div>
<div class=" visible-lg-block d-xl-block d-lg-block visible-md-block d-md-block visible-sm-block d-sm-block visible-xs-block d-block" style="clear: both;width:0px;"></div>
<div class="post_column col-xl-12 col-lg-12 col-md-6 col-sm-12 col-xs-12 col-12">
<div class="ttr_index_html_column31">
<div class="margin_collapsetop"></div>
<div class="html_content"><p style="text-align:Center;line-height:2.36em;"><span style="font-size:1.143em;">It has survived not only five centuries, but also the leap into electronic typesetting, remaining essentially unchanged. It was popularised in the 1960s with the release of Letraset sheets containing Lorem Ipsum passages, and more recently with desktop publishing software like Aldus PageMaker including versions of Lorem Ipsum.</span></p></div>
<div class="margin_collapsetop"></div>
<div style="clear:both;width:0px;"></div>
</div>
</div>
<div class=" visible-lg-block d-xl-block d-lg-block visible-sm-block d-sm-block visible-xs-block d-block" style="clear: both;width:0px;"></div>
<div class="post_column col-xl-12 col-lg-12 col-md-6 col-sm-12 col-xs-12 col-12">
<div class="ttr_index_html_column32">
<div class="margin_collapsetop"></div>
<div class="html_content"><p><span class="ttr_image" style="float:none;display:block;overflow:hidden;margin:0px 0px 0px 0px;"><span><img class="ttr_uniform" style="max-height:366px;max-width:1140px;margin:0px 0px 0px 0px;" src="~base_path~sites/default/files/inline-images/chart.jpg" alt="img" /></span></span></p></div>
<div class="margin_collapsetop"></div>
<div style="clear:both;width:0px;"></div>
</div>
</div>
<div class=" visible-lg-block d-xl-block d-lg-block visible-md-block d-md-block visible-sm-block d-sm-block visible-xs-block d-block" style="clear: both;width:0px;"></div>
</div>
<div class="ttr_index_html_row4 row" >
<div class="post_column col-xl-12 col-lg-12 col-md-12 col-sm-12 col-xs-12 col-12">
<div class="ttr_index_html_column40">
<div class="margin_collapsetop"></div>
<div class="html_content"><p style="margin:5px 0px 5px 0px;text-align:Center;line-height:4.94em;font-family:'Nunito Sans','Arial';color:rgba(51,51,51,1);"><span style="font-weight:800;font-size:3.429em;color:rgba(36,38,45,1);">Our Team</span></p></div>
<div class="margin_collapsetop"></div>
<div style="clear:both;width:0px;"></div>
</div>
</div>
<div class=" visible-lg-block d-xl-block d-lg-block visible-md-block d-md-block visible-sm-block d-sm-block visible-xs-block d-block" style="clear: both;width:0px;"></div>
<div class="post_column col-xl-4 col-lg-4 col-md-4 col-sm-12 col-xs-12 col-12">
<div class="ttr_index_html_column41">
<div class="margin_collapsetop"></div>
<div class="html_content"><p style="text-align:Center;"><span class="ttr_image" style="float:none;display:block;overflow:hidden;margin:0px 0px 0px 0px;"><span><img class="ttr_uniform ttr_animation" style="max-height:400px;max-width:350px;margin:0px 0px 10px 0px;" src="~base_path~sites/default/files/inline-images/Employee1.jpg" alt="employee" data-animation="Grayscale" data-animation-to="0" data-animation-dur="1" /></span><p style="text-align:Center;line-height:2.51em;"><span style="font-weight:700;font-size:1.714em;color:rgba(52,52,52,1);">Adam William</span></p><p style="text-align:Center;"><span style="font-weight:700;font-size:1.143em;color:rgba(78,78,78,1);">CEO</span></p></span></p></div>
<div class="margin_collapsetop"></div>
<div style="clear:both;width:0px;"></div>
</div>
</div>
<div class=" visible-sm-block d-sm-block visible-xs-block d-block" style="clear: both;width:0px;"></div>
<div class="post_column col-xl-4 col-lg-4 col-md-4 col-sm-12 col-xs-12 col-12">
<div class="ttr_index_html_column42">
<div class="margin_collapsetop"></div>
<div class="html_content"><p style="text-align:Center;"><span class="ttr_image" style="float:none;display:block;overflow:hidden;margin:0px 0px 0px 0px;"><span><img class="ttr_uniform ttr_animation" style="max-height:400px;max-width:350px;margin:0px 0px 10px 0px;" src="~base_path~sites/default/files/inline-images/Employee2.jpg" alt="employee" data-animation="Grayscale" data-animation-to="0" data-animation-dur="1" /></span><p style="text-align:Center;"><span style="font-weight:700;font-size:1.714em;color:rgba(52,52,52,1);">Emily William</span></p><p style="text-align:Center;"><span style="font-weight:700;color:rgba(78,78,78,1);">COO</span></p></span></p></div>
<div class="margin_collapsetop"></div>
<div style="clear:both;width:0px;"></div>
</div>
</div>
<div class=" visible-sm-block d-sm-block visible-xs-block d-block" style="clear: both;width:0px;"></div>
<div class="post_column col-xl-4 col-lg-4 col-md-4 col-sm-12 col-xs-12 col-12">
<div class="ttr_index_html_column43">
<div class="margin_collapsetop"></div>
<div class="html_content"><p style="text-align:Center;"><span class="ttr_image" style="float:none;display:block;overflow:hidden;margin:0px 0px 0px 0px;"><span><img class="ttr_uniform ttr_animation" style="max-height:400px;max-width:350px;margin:0px 0px 10px 0px;" src="~base_path~sites/default/files/inline-images/Employee3.jpg" alt="employee" data-animation="Grayscale" data-animation-to="0" data-animation-dur="1" /></span></span><span style="font-weight:700;font-size:1.714em;color:rgba(52,52,52,1);">John Doe</span></p><p style="margin:5px 0px 5px 0px;text-align:Center;"><span style="font-weight:700;color:rgba(78,78,78,1);">DESIGNER</span></p></div>
<div class="margin_collapsetop"></div>
<div style="clear:both;width:0px;"></div>
</div>
</div>
<div class=" visible-lg-block d-xl-block d-lg-block visible-md-block d-md-block visible-sm-block d-sm-block visible-xs-block d-block" style="clear: both;width:0px;"></div>
</div>
]]></introtext>
    </content>
    <content>
      <meta_ID>tt_page2</meta_ID>
      <page_title>About Us</page_title>
      <alias>about-us</alias>
      <page_name>About Us</page_name>
      <page_header_id>about us</page_header_id>
      <state>1</state>
      <featured>1</featured>
      <created>01/13/2021 00:00:00</created>
      <created_by_alias>SuperUser</created_by_alias>
      <page_title_visibility>false</page_title_visibility>
      <introtext><![CDATA[<div class="ttr_about-us_html_row0 row" >
<div class="post_column col-xl-6 col-lg-6 col-md-12 col-sm-12 col-xs-12 col-12">
<div class="ttr_about-us_html_column00">
<div class="margin_collapsetop"></div>
<div class="html_content"><p style="line-height:4.94em;"><span style="font-weight:800;font-size:3.429em;color:rgba(36,38,45,1);">We Make Your Ideas</span></p><p style="margin:5px 0px 20px 0px;line-height:4.94em;"><span style="font-weight:800;font-size:3.429em;color:rgba(36,38,45,1);">Become True</span></p><p style="margin:5px 0px 5px 0px;line-height:2.36em;font-family:'Nunito Sans','Arial';color:rgba(51,51,51,1);"><span class="ttr_image" style="float:Left;overflow:hidden;margin:0px 0px 0px 0px;"><span style="margin:20px 0px 5px 0px;"><img class="ttr_uniform" style="max-height:3px;max-width:181px;" src="~base_path~sites/default/files/inline-images/path41424.png" alt="about" /></span></span></p><p style="margin:5px 0px 5px 0px;line-height:2.36em;font-family:'Nunito Sans','Arial';color:rgba(51,51,51,1);"><span style="font-weight:600;font-size:1.286em;color:rgba(28,28,28,1);">Nullam dignissim convallis est. Quisque aliquam. Donec faucibus. Nunc iaculis suscipit dui.Nam sit amet sem. </span></p><p style="margin:20px 0px 30px 0px;line-height:2.36em;font-family:'Nunito Sans','Arial';color:rgba(51,51,51,1);"><span style="font-weight:300;font-size:1.143em;color:rgba(28,28,28,1);">Aliquam libero nisi, imperdiet at, tincidunt nec, gravida vehicula, nisl.Praesent mattis, massa quis luctus fermentum, turpis mi volutpat justo, eu volutpat enim diam eget metus.Maecenas ornare tortor. Aliquam libero nisi, imperdiet at, tinci nec, gravida vehicula, nisl. Praesent mattis, massa quis luctus fermentum, turpis mi volutpat justo, eu volutpat enim diam eget metus.Maecenas ornare tortor.</span></p><p style="line-height:2.36em;"><span><a target="_self" class="btn btn-md btn-default">READ MORE</a></span></p></div>
<div class="margin_collapsetop"></div>
<div style="clear:both;width:0px;"></div>
</div>
</div>
<div class=" visible-md-block d-md-block visible-sm-block d-sm-block visible-xs-block d-block" style="clear: both;width:0px;"></div>
<div class="post_column col-xl-6 col-lg-6 col-md-12 col-sm-12 col-xs-12 col-12">
<div class="ttr_about-us_html_column01">
<div class="margin_collapsetop"></div>
<div class="html_content"><p><span class="ttr_image" style="float:Left;overflow:hidden;margin:0px 0px 0px 0px;"><span><img class="ttr_uniform" style="max-height:616px;max-width:600px;" src="~base_path~sites/default/files/inline-images/About image.jpg" alt="about" /></span></span></p></div>
<div class="margin_collapsetop"></div>
<div style="clear:both;width:0px;"></div>
</div>
</div>
<div class=" visible-lg-block d-xl-block d-lg-block visible-md-block d-md-block visible-sm-block d-sm-block visible-xs-block d-block" style="clear: both;width:0px;"></div>
</div>
<div class="ttr_about-us_html_row1 row" >
<div class="post_column col-xl-6 col-lg-6 col-md-12 col-sm-12 col-xs-12 col-12">
<div class="ttr_about-us_html_column10">
<div class="margin_collapsetop"></div>
<div class="html_content"><p><span class="ttr_image" style="float:Left;overflow:hidden;margin:0px 0px 0px 0px;"><span><img class="ttr_uniform" style="max-height:616px;max-width:600px;" src="~base_path~sites/default/files/inline-images/About image2.jpg" alt="about" /></span></span></p></div>
<div class="margin_collapsetop"></div>
<div style="clear:both;width:0px;"></div>
</div>
</div>
<div class=" visible-md-block d-md-block visible-sm-block d-sm-block visible-xs-block d-block" style="clear: both;width:0px;"></div>
<div class="post_column col-xl-6 col-lg-6 col-md-12 col-sm-12 col-xs-12 col-12">
<div class="ttr_about-us_html_column11">
<div class="margin_collapsetop"></div>
<div class="html_content"><p style="margin:5px 0px 5px 0px;line-height:4.94em;font-family:'Nunito Sans','Arial';color:rgba(51,51,51,1);"><span style="font-weight:800;font-size:3.429em;color:rgba(255,255,255,1);">Why You Choose Our Service?</span><span class="ttr_image" style="float:Left;overflow:hidden;margin:0px 0px 0px 0px;padding:0px 0px 0px 0px;"><span style="margin:20px 0px 5px 0px;"><img class="ttr_uniform" style="max-height:3px;max-width:514px;" src="~base_path~sites/default/files/inline-images/1443989481.png" /></span></span></p><p style="margin:40px 0px 5px 0px;line-height:2.36em;font-family:'Nunito Sans','Arial';color:rgba(51,51,51,1);"><span style="font-weight:600;font-size:1.286em;color:rgba(255,255,255,1);">Nullam dignissim convallis est. Quisque aliquam. Donec faucibus. Nunc iaculis suscipit dui.Nam sit amet sem. </span></p><p style="margin:20px 0px 30px 0px;line-height:2.36em;font-family:'Nunito Sans','Arial';color:rgba(51,51,51,1);"><span style="font-weight:300;font-size:1.143em;color:rgba(255,255,255,1);">Aliquam libero nisi, imperdiet at, tincidunt nec, gravida vehicula, nisl.Praesent mattis, massa quis luctus fermentum, turpis mi volutpat justo, eu volutpat enim diam eget metus.Maecenas ornare tortor. Aliquam libero nisi, imperdiet at, tinci nec, gravida vehicula, nisl. Praesent mattis, massa quis luctus fermentum, turpis mi volutpat justo, eu volutpat enim diam eget metus.Maecenas ornare tortor.</span></p><p style="margin:20px 0px 30px 0px;line-height:2.36em;font-family:'Nunito Sans','Arial';color:rgba(51,51,51,1);"><span><a target="_self" class="btn btn-xs btn-info">OUR SERVICES</a></span></p></div>
<div class="margin_collapsetop"></div>
<div style="clear:both;width:0px;"></div>
</div>
</div>
<div class=" visible-lg-block d-xl-block d-lg-block visible-md-block d-md-block visible-sm-block d-sm-block visible-xs-block d-block" style="clear: both;width:0px;"></div>
</div>
]]></introtext>
    </content>
    <content>
      <meta_ID>tt_page3</meta_ID>
      <page_title>Contact</page_title>
      <alias>contact</alias>
      <page_name>Contact</page_name>
      <page_header_id>contact</page_header_id>
      <state>1</state>
      <featured>1</featured>
      <created>01/13/2021 00:00:00</created>
      <created_by_alias>SuperUser</created_by_alias>
      <page_title_visibility>false</page_title_visibility>
      <introtext><![CDATA[<div class="ttr_contact_html_row0 row" >
<div class="post_column col-xl-12 col-lg-12 col-md-12 col-sm-12 col-xs-12 col-12">
<div class="ttr_contact_html_column00">
<div class="margin_collapsetop"></div>
<div class="html_content"><p style="text-align:Center;"><span style="font-weight:800;font-size:4em;color:rgba(36,38,45,1);">Please Get in Touch</span></p></div>
<div class="margin_collapsetop"></div>
<div style="clear:both;width:0px;"></div>
</div>
</div>
<div class=" visible-lg-block d-xl-block d-lg-block visible-md-block d-md-block visible-sm-block d-sm-block visible-xs-block d-block" style="clear: both;width:0px;"></div>
<div class="post_column col-xl-4 col-lg-4 col-md-4 col-sm-12 col-xs-12 col-12">
<div class="ttr_contact_html_column01">
<div class="margin_collapsetop"></div>
<div class="html_content"><p style="margin:5px 0px 5px 0px;text-align:Center;line-height:2.07em;font-family:'Nunito Sans','Arial';color:rgba(51,51,51,1);"><span class="ttr_image" style="float:none;display:block;overflow:hidden;margin:0px 0px 20px 0px;"><span><img class="ttr_uniform" style="max-height:70px;max-width:70px;" src="~base_path~sites/default/files/inline-images/map.png" alt="map" /></span></span><span style="font-weight:800;font-size:1.714em;color:rgba(36,38,45,1);">Address</span></p><p style="margin:2px 0px 0px 0px;text-align:Center;line-height:2.07em;font-family:'Nunito Sans','Arial';color:rgba(51,51,51,1);"><span style="font-weight:600;font-size:1.143em;">123 ABC Ave Street View #456 XYZ New York City, NY 100005, USA</span></p></div>
<div class="margin_collapsetop"></div>
<div style="clear:both;width:0px;"></div>
</div>
</div>
<div class=" visible-sm-block d-sm-block visible-xs-block d-block" style="clear: both;width:0px;"></div>
<div class="post_column col-xl-4 col-lg-4 col-md-4 col-sm-12 col-xs-12 col-12">
<div class="ttr_contact_html_column02">
<div class="margin_collapsetop"></div>
<div class="html_content"><p style="margin:5px 0px 5px 0px;text-align:Center;line-height:2.07em;font-family:'Nunito Sans','Arial';color:rgba(51,51,51,1);"><span class="ttr_image" style="float:none;display:block;overflow:hidden;margin:0px 0px 20px 0px;"><span><img class="ttr_uniform" style="max-height:70px;max-width:70px;" src="~base_path~sites/default/files/inline-images/phone.png" alt="phone" /></span></span><span style="font-weight:800;font-size:1.714em;color:rgba(36,38,45,1);">Phone</span></p><p style="text-align:Center;"><span style="font-weight:600;font-size:1.143em;">(1800) 123-4567-890</span></p><p style="text-align:Center;"><span style="font-weight:600;font-size:1.143em;">(1800) 123-0046-7890</span></p></div>
<div class="margin_collapsetop"></div>
<div style="clear:both;width:0px;"></div>
</div>
</div>
<div class=" visible-sm-block d-sm-block visible-xs-block d-block" style="clear: both;width:0px;"></div>
<div class="post_column col-xl-4 col-lg-4 col-md-4 col-sm-12 col-xs-12 col-12">
<div class="ttr_contact_html_column03">
<div class="margin_collapsetop"></div>
<div class="html_content"><p style="margin:5px 0px 5px 0px;text-align:Center;line-height:2.07em;font-family:'Nunito Sans','Arial';color:rgba(51,51,51,1);"><span class="ttr_image" style="float:none;display:block;overflow:hidden;margin:0px 0px 20px 0px;"><span><img class="ttr_uniform" style="max-height:70px;max-width:70px;" src="~base_path~sites/default/files/inline-images/working hours.png" alt="working hours" /></span></span><span style="font-weight:800;font-size:1.714em;color:rgba(36,38,45,1);">Working Hours</span></p><p style="text-align:Center;"><span style="font-weight:600;font-size:1.143em;">Mon-Fri: 09 AM - 06 PM</span></p><p style="text-align:Center;"><span style="font-weight:600;font-size:1.143em;">Sat: 10 AM - 04 PM</span></p></div>
<div class="margin_collapsetop"></div>
<div style="clear:both;width:0px;"></div>
</div>
</div>
<div class=" visible-lg-block d-xl-block d-lg-block visible-md-block d-md-block visible-sm-block d-sm-block visible-xs-block d-block" style="clear: both;width:0px;"></div>
</div>
]]></introtext>
    </content>
    <content>
      <meta_ID>tt_page4</meta_ID>
      <page_title>Services</page_title>
      <alias>services</alias>
      <page_name>Services</page_name>
      <page_header_id>services</page_header_id>
      <state>1</state>
      <featured>1</featured>
      <created>01/13/2021 00:00:00</created>
      <created_by_alias>SuperUser</created_by_alias>
      <page_title_visibility>false</page_title_visibility>
      <introtext><![CDATA[<div class="ttr_services_html_row0 row" >
<div class="post_column col-xl-12 col-lg-12 col-md-12 col-sm-12 col-xs-12 col-12">
<div class="ttr_services_html_column00">
<div class="margin_collapsetop"></div>
<div class="html_content"><p style="text-align:Center;line-height:4.94em;"><span style="font-weight:800;font-size:3.429em;color:rgba(36,38,45,1);">Company Service</span></p></div>
<div class="margin_collapsetop"></div>
<div style="clear:both;width:0px;"></div>
</div>
</div>
<div class=" visible-lg-block d-xl-block d-lg-block visible-md-block d-md-block visible-sm-block d-sm-block visible-xs-block d-block" style="clear: both;width:0px;"></div>
<div class="post_column col-xl-12 col-lg-12 col-md-12 col-sm-12 col-xs-12 col-12">
<div class="ttr_services_html_column01">
<div class="margin_collapsetop"></div>
<div class="html_content"><p style="text-align:Center;"><span class="ttr_image" style="float:none;display:block;overflow:hidden;margin:0px 0px 0px 0px;"><span><img class="ttr_uniform" style="max-height:3px;max-width:181px;" src="~base_path~sites/default/files/inline-images/path414221.png" alt="line" /></span></span></p></div>
<div class="margin_collapsetop"></div>
<div style="clear:both;width:0px;"></div>
</div>
</div>
<div class=" visible-lg-block d-xl-block d-lg-block visible-md-block d-md-block visible-sm-block d-sm-block visible-xs-block d-block" style="clear: both;width:0px;"></div>
<div class="post_column col-xl-3 col-lg-3 col-md-6 col-sm-12 col-xs-12 col-12">
<div class="ttr_services_html_column02">
<div class="margin_collapsetop"></div>
<div class="html_content"><p style="margin:5px 0px 5px 0px;text-align:Center;line-height:2.07em;font-family:'Nunito Sans','Arial';color:rgba(51,51,51,1);"><span class="ttr_image" style="float:none;display:block;overflow:hidden;margin:0px 0px 20px 0px;"><span><img class="ttr_uniform" style="max-height:70px;max-width:70px;" src="~base_path~sites/default/files/inline-images/best marketing2.png" alt="service" /></span></span><span style="font-weight:800;font-size:1.714em;color:rgba(36,38,45,1);">Best Marketing</span></p><p style="margin:10px 0px 5px 0px;text-align:Center;line-height:2.07em;font-family:'Nunito Sans','Arial';color:rgba(51,51,51,1);"><span style="font-weight:300;font-size:1.143em;color:rgba(28,28,28,1);">Nullam dignissim convallis est uisque aliquam. Donec faucibus Nunc iaculis suscipit dui</span></p><p style="margin:10px 0px 5px 0px;text-align:Center;line-height:2.07em;font-family:'Nunito Sans','Arial';color:rgba(51,51,51,1);"><span><a target="_self" class="btn btn-lg btn-primary">READ MORE</a></span></p></div>
<div class="margin_collapsetop"></div>
<div style="clear:both;width:0px;"></div>
</div>
</div>
<div class=" visible-sm-block d-sm-block visible-xs-block d-block" style="clear: both;width:0px;"></div>
<div class="post_column col-xl-3 col-lg-3 col-md-6 col-sm-12 col-xs-12 col-12">
<div class="ttr_services_html_column03">
<div class="margin_collapsetop"></div>
<div class="html_content"><p style="margin:5px 0px 5px 0px;text-align:Center;line-height:2.07em;font-family:'Nunito Sans','Arial';color:rgba(51,51,51,1);"><span class="ttr_image" style="float:none;display:block;overflow:hidden;margin:0px 0px 20px 0px;"><span><img class="ttr_uniform" style="max-height:70px;max-width:70px;" src="~base_path~sites/default/files/inline-images/analysis1.png" alt="service" /></span></span><span style="font-weight:800;font-size:1.714em;color:rgba(36,38,45,1);">Data Analysis</span></p><p style="margin:10px 0px 5px 0px;text-align:Center;line-height:2.07em;font-family:'Nunito Sans','Arial';color:rgba(51,51,51,1);"><span style="font-weight:300;font-size:1.143em;color:rgba(28,28,28,1);">Nullam dignissim convallis est uisque aliquam. Donec faucibus Nunc iaculis suscipit dui.</span></p><p style="margin:10px 0px 5px 0px;text-align:Center;line-height:2.07em;font-family:'Nunito Sans','Arial';color:rgba(51,51,51,1);"><span><a target="_self" class="btn btn-lg btn-primary">READ MORE</a></span></p></div>
<div class="margin_collapsetop"></div>
<div style="clear:both;width:0px;"></div>
</div>
</div>
<div class=" visible-md-block d-md-block visible-sm-block d-sm-block visible-xs-block d-block" style="clear: both;width:0px;"></div>
<div class="post_column col-xl-3 col-lg-3 col-md-6 col-sm-12 col-xs-12 col-12">
<div class="ttr_services_html_column04">
<div class="margin_collapsetop"></div>
<div class="html_content"><p style="margin:5px 0px 5px 0px;text-align:Center;line-height:2.07em;font-family:'Nunito Sans','Arial';color:rgba(51,51,51,1);"><span class="ttr_image" style="float:none;display:block;overflow:hidden;margin:0px 0px 20px 0px;"><span><img class="ttr_uniform" style="max-height:70px;max-width:70px;" src="~base_path~sites/default/files/inline-images/market1.png" alt="service" /></span></span><span style="font-weight:800;font-size:1.714em;color:rgba(36,38,45,1);">Market Strategy</span></p><p style="margin:5px 0px 5px 0px;text-align:Center;line-height:2.07em;font-family:'Nunito Sans','Arial';color:rgba(51,51,51,1);"><span style="font-weight:300;font-size:1.143em;color:rgba(28,28,28,1);">Nullam dignissim convallis est uisque aliquam. Donec faucibus Nunc iaculis suscipit dui.</span></p><p style="margin:5px 0px 5px 0px;text-align:Center;line-height:2.07em;font-family:'Nunito Sans','Arial';color:rgba(51,51,51,1);"><span><a target="_self" class="btn btn-lg btn-primary">READ MORE</a></span></p></div>
<div class="margin_collapsetop"></div>
<div style="clear:both;width:0px;"></div>
</div>
</div>
<div class=" visible-sm-block d-sm-block visible-xs-block d-block" style="clear: both;width:0px;"></div>
<div class="post_column col-xl-3 col-lg-3 col-md-6 col-sm-12 col-xs-12 col-12">
<div class="ttr_services_html_column05">
<div class="margin_collapsetop"></div>
<div class="html_content"><p style="margin:5px 0px 5px 0px;text-align:Center;line-height:2.07em;font-family:'Nunito Sans','Arial';color:rgba(51,51,51,1);"><span class="ttr_image" style="float:none;display:block;overflow:hidden;margin:0px 0px 20px 0px;"><span><img class="ttr_uniform" style="max-height:70px;max-width:70px;" src="~base_path~sites/default/files/inline-images/services1.png" alt="service" /></span></span><span style="font-weight:800;font-size:1.714em;color:rgba(36,38,45,1);">Analysis Service</span></p><p style="margin:5px 0px 5px 0px;text-align:Center;line-height:2.07em;font-family:'Nunito Sans','Arial';color:rgba(51,51,51,1);"><span style="font-weight:300;font-size:1.143em;color:rgba(28,28,28,1);">Nullam dignissim convallis est uisque aliquam. Donec faucibus Nunc iaculis suscipit dui.</span></p><p style="margin:5px 0px 5px 0px;text-align:Center;line-height:2.07em;font-family:'Nunito Sans','Arial';color:rgba(51,51,51,1);"><span><a target="_self" class="btn btn-lg btn-primary">READ MORE</a></span></p></div>
<div class="margin_collapsetop"></div>
<div style="clear:both;width:0px;"></div>
</div>
</div>
<div class=" visible-lg-block d-xl-block d-lg-block visible-md-block d-md-block visible-sm-block d-sm-block visible-xs-block d-block" style="clear: both;width:0px;"></div>
</div>
<div class="ttr_services_html_row1 row" >
<div class="post_column col-xl-12 col-lg-12 col-md-12 col-sm-12 col-xs-12 col-12">
<div class="ttr_services_html_column10">
<div class="margin_collapsetop"></div>
<div class="html_content"><p style="margin:5px 0px 30px 0px;text-align:Center;"><span style="font-family:'Nunito Sans','Arial';font-style:normal;font-weight:400;font-size:1em;color:rgba(51,51,51,1);"><span style="font-style:italic;font-weight:700;font-size:2.143em;color:rgba(255,255,255,1);">It will </span><span style="font-style:italic;font-weight:700;font-size:2.143em;color:rgba(255,255,255,1);text-decoration:underline">simplify</span><span style="font-style:italic;font-weight:700;font-size:2.143em;color:rgba(255,255,255,1);"> development process with very easy to use </span><span style="font-style:italic;font-weight:700;font-size:2.143em;color:rgba(255,255,255,1);text-decoration:underline">drag-and-drop </span><span style="font-style:italic;font-weight:700;font-size:2.143em;color:rgba(255,255,255,1);">option. To develop a template you just have to drop the blocks on the page, edit content inline &amp; publish.</span></span></p><p style="text-align:Center;"><span style="font-family:'Nunito Sans','Arial';font-style:normal;font-weight:400;font-size:1em;color:rgba(51,51,51,1);"><span><a target="_self" class="btn btn-sm btn-success">READ MORE</a></span></span></p></div>
<div class="margin_collapsetop"></div>
<div style="clear:both;width:0px;"></div>
</div>
</div>
<div class=" visible-lg-block d-xl-block d-lg-block visible-md-block d-md-block visible-sm-block d-sm-block visible-xs-block d-block" style="clear: both;width:0px;"></div>
</div>
<div class="ttr_services_html_row2 row" >
<div class="post_column col-xl-7 col-lg-7 col-md-11 col-sm-12 col-xs-12 col-12">
<div class="ttr_services_html_column20">
<div class="margin_collapsetop"></div>
<div class="html_content"><br /><p style="margin:10px 0px 10px 0px;line-height:4.94em;font-family:'Nunito Sans','Arial';color:rgba(46,131,195,1);"><span style="font-weight:800;font-size:3.429em;color:rgba(255,255,255,1);">Start Your New Project</span></p><p style="margin:10px 0px 10px 0px;line-height:4.36em;font-family:'Nunito Sans','Arial';color:rgba(46,131,195,1);"><span class="ttr_image" style="float:Left;overflow:hidden;margin:0px 0px 0px 0px;padding:0px 0px 0px 0px;"><span><img class="ttr_uniform" style="max-height:3px;max-width:384px;" src="~base_path~sites/default/files/inline-images/1465481342.png" /></span></span></p><p style="margin:5px 0px 20px 0px;line-height:2.36em;font-family:'Nunito Sans','Arial';color:rgba(51,51,51,1);"><span style="font-weight:300;font-size:1.143em;color:rgba(255,255,255,1);">Lorem ipsum dolor sit amet, test link adipiscing elit.Nullam dignissim convallis est.Quisque aliquam. Donec faucibus. Nunc iaculis suscipit dui.Nam sit amet sem. Aliquam libero nisi, imperdiet at, tincidunt nec, gravida vehicula, nisl.Praesent mattis, massa quis luctus fermentum.</span></p><p style="margin:5px 0px 20px 0px;line-height:2.36em;font-family:'Nunito Sans','Arial';color:rgba(51,51,51,1);"><span><a target="_self" class="btn btn-sm btn-success">START NOW</a></span></p></div>
<div class="margin_collapsetop"></div>
<div style="clear:both;width:0px;"></div>
</div>
</div>
<div class=" visible-sm-block d-sm-block visible-xs-block d-block" style="clear: both;width:0px;"></div>
<div class="post_column col-xl-5 col-lg-5 col-md-1 col-sm-12 col-xs-12 col-12">
<div class="ttr_services_html_column21">
<div class="margin_collapsetop"></div>
<div class="html_content"><br /></div>
<div class="margin_collapsetop"></div>
<div style="clear:both;width:0px;"></div>
</div>
</div>
<div class=" visible-lg-block d-xl-block d-lg-block visible-md-block d-md-block visible-sm-block d-sm-block visible-xs-block d-block" style="clear: both;width:0px;"></div>
</div>
]]></introtext>
    </content>
  </pages>
  <sidebars />
  <footers>
    <footer name="footercellcolumn1">
      <block name="footercellcolumn0" tt_blockID="footer_cell0" title="footertext1">
        <content><![CDATA[<div class="html_content"><p style="margin:5px 0px 0px 0px;line-height:3.5em;"><span style="font-weight:700;font-size:1.714em;color:rgba(255,255,255,1);">Consult</span></p><p><span style="font-weight:300;font-size:1.143em;color:rgba(255,255,255,1);">Donec faucibus. Nunc iaculis suscipit dui.Nam sit amet sem. Aliquam libero nisi, imperdiet at, tincidunt nec, gravida vehicula, nisl.Praesent mattis, massa quis luctus fermentum.</span></p></div>]]></content>
        <widget_pages>
          <widget_page>index</widget_page>
          <widget_page>about-us</widget_page>
          <widget_page>contact</widget_page>
          <widget_page>services</widget_page>
        </widget_pages>
      </block>
    </footer>
    <footer name="footercellcolumn2">
      <block name="footercellcolumn1" tt_blockID="footer_cell1" title="footertext2">
        <content><![CDATA[<div class="html_content"><p style="margin:0px 0px 0px 0px;line-height:1.49em;"><span style="font-weight:800;font-size:1.571em;color:rgba(255,255,255,1);">SERVICES</span></p><p style="margin:20px 0px 5px 0px;"><span style="font-weight:300;font-size:1.143em;color:rgba(255,255,255,1);">Market Analysis</span></p><p style="margin:0px 0px 5px 0px;"><span style="font-weight:300;font-size:1.143em;color:rgba(255,255,255,1);">Data Analysis</span></p><p style="margin:0px 0px 5px 0px;"><span style="font-weight:300;font-size:1.143em;color:rgba(255,255,255,1);">Market Strategy</span></p><p style="margin:0px 0px 5px 0px;"><span style="font-weight:300;font-size:1.143em;color:rgba(255,255,255,1);">Advertising</span></p><p style="margin:0px 0px 5px 0px;"><span style="font-weight:300;font-size:1.143em;color:rgba(255,255,255,1);">Sales Strategy</span></p></div>]]></content>
        <widget_pages>
          <widget_page>index</widget_page>
          <widget_page>about-us</widget_page>
          <widget_page>contact</widget_page>
          <widget_page>services</widget_page>
        </widget_pages>
      </block>
    </footer>
    <footer name="footercellcolumn3">
      <block name="footercellcolumn2" tt_blockID="footer_cell2" title="footertext3">
        <content><![CDATA[<div class="html_content"><p style="margin:0px 0px 0px 0px;line-height:1.49em;font-family:'Nunito Sans','Arial';color:rgba(51,51,51,1);"><span style="font-weight:800;font-size:1.571em;color:rgba(255,255,255,1);">COMPANY</span></p><p style="margin:20px 0px 5px 0px;line-height:2.07em;font-family:'Nunito Sans','Arial';color:rgba(51,51,51,1);"><span style="font-weight:300;font-size:1.143em;color:rgba(255,255,255,1);">About Company</span></p><p style="margin:0px 0px 5px 0px;line-height:2.07em;font-family:'Nunito Sans','Arial';color:rgba(51,51,51,1);"><span style="font-weight:300;font-size:1.143em;color:rgba(255,255,255,1);">Products</span></p><p style="margin:0px 0px 5px 0px;line-height:2.07em;font-family:'Nunito Sans','Arial';color:rgba(51,51,51,1);"><span style="font-weight:300;font-size:1.143em;color:rgba(255,255,255,1);">Services</span></p><p style="margin:0px 0px 5px 0px;line-height:2.07em;font-family:'Nunito Sans','Arial';color:rgba(51,51,51,1);"><span style="font-weight:300;font-size:1.143em;color:rgba(255,255,255,1);">Website Blog</span></p><p style="margin:0px 0px 5px 0px;line-height:2.07em;font-family:'Nunito Sans','Arial';color:rgba(51,51,51,1);"><span style="font-weight:300;font-size:1.143em;color:rgba(255,255,255,1);">Partners</span></p></div>]]></content>
        <widget_pages>
          <widget_page>index</widget_page>
          <widget_page>about-us</widget_page>
          <widget_page>contact</widget_page>
          <widget_page>services</widget_page>
        </widget_pages>
      </block>
    </footer>
    <footer name="footercellcolumn4">
      <block name="footercellcolumn3" tt_blockID="footer_cell3" title="footertext4">
        <content><![CDATA[<div class="html_content"><p style="margin:0px 0px 0px 0px;line-height:1.49em;font-family:'Nunito Sans','Arial';color:rgba(51,51,51,1);"><span style="font-weight:800;font-size:1.571em;color:rgba(255,255,255,1);">PRODUCTS</span></p><p style="margin:20px 0px 5px 0px;line-height:2.07em;font-family:'Nunito Sans','Arial';color:rgba(51,51,51,1);"><span style="font-weight:300;font-size:1.143em;color:rgba(255,255,255,1);">Market Analysis</span></p><p style="margin:0px 0px 5px 0px;line-height:2.07em;font-family:'Nunito Sans','Arial';color:rgba(51,51,51,1);"><span style="font-weight:300;font-size:1.143em;color:rgba(255,255,255,1);">Data Analysis</span></p><p style="margin:0px 0px 5px 0px;line-height:2.07em;font-family:'Nunito Sans','Arial';color:rgba(51,51,51,1);"><span style="font-weight:300;font-size:1.143em;color:rgba(255,255,255,1);">Market Strategy</span></p><p style="margin:0px 0px 5px 0px;line-height:2.07em;font-family:'Nunito Sans','Arial';color:rgba(51,51,51,1);"><span style="font-weight:300;font-size:1.143em;color:rgba(255,255,255,1);">Advertising</span></p><p style="margin:0px 0px 5px 0px;line-height:2.07em;font-family:'Nunito Sans','Arial';color:rgba(51,51,51,1);"><span style="font-weight:300;font-size:1.143em;color:rgba(255,255,255,1);">Sales Strategy</span></p></div>]]></content>
        <widget_pages>
          <widget_page>index</widget_page>
          <widget_page>about-us</widget_page>
          <widget_page>contact</widget_page>
          <widget_page>services</widget_page>
        </widget_pages>
      </block>
    </footer>
  </footers>
  <Shapes>
    <headershapes>
      <header name="headershape00">
        <block name="headershape00" tt_blockID="header_cell00" title="header_block00">
          <content><![CDATA[<div class="html_content"><p style="margin:0px 0px 30px 0px;line-height:4.59em;"><span style="font-weight:700;font-size:3.929em;color:rgba(255,255,255,1);">We Take Care of Your Business</span></p><p style="margin:0px 0px 30px 0px;line-height:2.64em;"><span style="font-size:1.286em;color:rgba(255,255,255,1);">It was popularised in the 1960s with the release of Letraset sheets containing Lorem Ipsum passages, and more recently with desktop publishing software like Aldus PageMaker including versions of Lorem Ipsum.</span></p><p><span><a target="_self" class="btn btn-md btn-default">READ MORE</a></span></p></div>]]></content>
          <widget_pages>
            <widget_page>index</widget_page>
            <widget_page>about-us</widget_page>
            <widget_page>contact</widget_page>
            <widget_page>services</widget_page>
            <widget_page>blog-wp</widget_page>
          </widget_pages>
        </block>
      </header>
      <header name="headershape11">
        <block name="headershape11" tt_blockID="header_cell11" title="header_block11">
          <content><![CDATA[<div class="html_content"><p style="text-align:Center;"><span style="font-weight:800;font-size:5.143em;color:rgba(255,255,255,1);">About us</span></p></div>]]></content>
          <widget_pages>
            <widget_page>about-us</widget_page>
          </widget_pages>
        </block>
      </header>
      <header name="headershape21">
        <block name="headershape21" tt_blockID="header_cell21" title="header_block21">
          <content><![CDATA[<div class="html_content"><p style="text-align:Center;"><span style="font-weight:800;font-size:5.143em;color:rgba(255,255,255,1);">Contact</span></p></div>]]></content>
          <widget_pages>
            <widget_page>contact</widget_page>
          </widget_pages>
        </block>
      </header>
      <header name="headershape31">
        <block name="headershape31" tt_blockID="header_cell31" title="header_block31">
          <content><![CDATA[<div class="html_content"><p style="text-align:Center;"><span style="font-weight:800;font-size:5.143em;color:rgba(255,255,255,1);">Services</span></p></div>]]></content>
          <widget_pages>
            <widget_page>services</widget_page>
          </widget_pages>
        </block>
      </header>
    </headershapes>
    <slideshowshapes />
    <menushapes />
    <footershapes />
  </Shapes>
</sitecontent>